{
    "learning_rate": 0.038867395396340265,
    "max_depth": 5,
    "num_leaves": 191,
    "min_child_samples": 32,
    "subsample": 0.6894857662973705,
    "subsample_freq": 5,
    "colsample_bytree": 0.8271202243093992,
    "reg_alpha": 0.004511746578778739,
    "reg_lambda": 0.005776548038181614
}