{
    "n_estimators": 900,
    "learning_rate": 0.03632790207480433,
    "max_depth": 10,
    "subsample": 0.7790790073894754,
    "colsample_bytree": 0.816660528616523,
    "min_child_weight": 5,
    "gamma": 0.0014279739711074485,
    "reg_alpha": 0.01941999047065458,
    "reg_lambda": 0.3477928004820644
}