{
    "learning_rate": 0.04380392750348322,
    "max_depth": 10,
    "num_leaves": 144,
    "min_child_weight": 0.00134974195269548,
    "min_child_samples": 44,
    "subsample": 0.7892969616171616,
    "subsample_freq": 1,
    "colsample_bytree": 0.512306586238994,
    "reg_alpha": 6.1140892038830765,
    "reg_lambda": 1.629545389781214
}