{
    "n_da": 56,
    "n_steps": 4,
    "lambda_sparse": 0.002979863872940147,
    "gamma": 1.254715408054567,
    "lr": 0.02160786125748328,
    "weight_decay": 0.002723396991259049
}