{
    "n_da": 64,
    "n_steps": 4,
    "lambda_sparse": 0.0008374052657983973,
    "gamma": 1.1645134656723477,
    "lr": 0.008370776315288743,
    "weight_decay": 0.004034102291455906
}