{
    "n_da": 48,
    "n_steps": 3,
    "lambda_sparse": 0.000767644647430297,
    "gamma": 1.0560880710561948,
    "lr": 0.016228453351550376,
    "weight_decay": 0.00013100689496903624
}