{
    "n_estimators": 900,
    "learning_rate": 0.02163761500982718,
    "max_depth": 9,
    "subsample": 0.7877722643657253,
    "colsample_bytree": 0.6218502103376836,
    "min_child_weight": 6,
    "gamma": 0.04579548456257924,
    "reg_alpha": 0.00830661044213644,
    "reg_lambda": 0.044182595954158355,
    "tree_method": "hist",
    "device": "cuda"
}